{"cameraMode":{"drawMode":0,"name":"Shaded","section":"Shading Mode"},"sceneLighting":true,"audioPlay":false,"sceneViewState":{"m_AlwaysRefresh":true,"showFog":true,"showSkybox":true,"showFlares":true,"showImageEffects":true,"showParticleSystems":true,"showVisualEffectGraphs":true,"m_FxEnabled":true},"in2DMode":false,"pivot":{"x":-78.18576049804688,"y":-29.765708923339845,"z":-146.28428649902345},"rotation":{"x":0.025255290791392328,"y":-0.9634346961975098,"z":0.09803123772144318,"w":0.24805764853954316},"size":110.05548095703125,"orthographic":false}