{"cameraMode":{"drawMode":0,"name":"Shaded","section":"Shading Mode"},"sceneLighting":true,"audioPlay":false,"sceneViewState":{"m_AlwaysRefresh":true,"showFog":true,"showSkybox":true,"showFlares":true,"showImageEffects":true,"showParticleSystems":true,"showVisualEffectGraphs":true,"m_FxEnabled":true},"in2DMode":false,"pivot":{"x":-14.383222579956055,"y":-14.082365036010743,"z":-42.46915054321289},"rotation":{"x":-0.024019433185458185,"y":0.9756680130958557,"z":-0.14177991449832917,"w":-0.16516610980033875},"size":17.93227767944336,"orthographic":false}