{"cameraMode":{"drawMode":0,"name":"Shaded","section":"Shading Mode"},"sceneLighting":true,"audioPlay":false,"sceneViewState":{"m_AlwaysRefresh":true,"showFog":true,"showSkybox":true,"showFlares":true,"showImageEffects":true,"showParticleSystems":true,"showVisualEffectGraphs":true,"m_FxEnabled":true},"in2DMode":false,"pivot":{"x":-57.71815490722656,"y":-14.218097686767579,"z":-159.91554260253907},"rotation":{"x":0.017463471740484239,"y":-0.9729571342468262,"z":0.07839808613061905,"w":0.21654978394508363},"size":110.05548095703125,"orthographic":false}