{"cameraMode":{"drawMode":0,"name":"Shaded","section":"Shading Mode"},"sceneLighting":true,"audioPlay":false,"sceneViewState":{"m_AlwaysRefresh":true,"showFog":true,"showSkybox":true,"showFlares":true,"showImageEffects":true,"showParticleSystems":true,"showVisualEffectGraphs":true,"m_FxEnabled":true},"in2DMode":false,"pivot":{"x":-126.13272094726563,"y":-49.485286712646487,"z":-156.54586791992188},"rotation":{"x":0.038962751626968387,"y":-0.9377847909927368,"z":0.11193753778934479,"w":0.32623931765556338},"size":69.08960723876953,"orthographic":false}