{"cameraMode":{"drawMode":0,"name":"Shaded","section":"Shading Mode"},"sceneLighting":true,"audioPlay":false,"sceneViewState":{"m_AlwaysRefresh":true,"showFog":true,"showSkybox":true,"showFlares":true,"showImageEffects":true,"showParticleSystems":true,"showVisualEffectGraphs":true,"m_FxEnabled":true},"in2DMode":false,"pivot":{"x":-62.321746826171878,"y":-52.40026092529297,"z":-122.47455596923828},"rotation":{"x":-0.04172350838780403,"y":0.9565640687942505,"z":-0.17288367450237275,"w":-0.23073863983154298},"size":61.43684387207031,"orthographic":false}