{"cameraMode":{"drawMode":0,"name":"Shaded","section":"Shading Mode"},"sceneLighting":true,"audioPlay":false,"sceneViewState":{"m_AlwaysRefresh":true,"showFog":true,"showSkybox":true,"showFlares":true,"showImageEffects":true,"showParticleSystems":true,"showVisualEffectGraphs":true,"m_FxEnabled":true},"in2DMode":false,"pivot":{"x":-22.792146682739259,"y":-20.142366409301759,"z":-46.47772216796875},"rotation":{"x":-0.04171135649085045,"y":0.9565719366073608,"z":-0.17288775742053986,"w":-0.23074227571487428},"size":21.428749084472658,"orthographic":false}