{"cameraMode":{"drawMode":0,"name":"Shaded","section":"Shading Mode"},"sceneLighting":false,"audioPlay":false,"sceneViewState":{"m_AlwaysRefresh":false,"showFog":true,"showSkybox":true,"showFlares":true,"showImageEffects":true,"showParticleSystems":true,"showVisualEffectGraphs":true,"m_FxEnabled":false},"in2DMode":false,"pivot":{"x":0.6838463544845581,"y":1.3211735486984254,"z":-1.5038020610809327},"rotation":{"x":-0.05556569993495941,"y":0.9109501242637634,"z":-0.13069623708724976,"w":-0.38729292154312136},"size":0.001832784153521061,"orthographic":false}